{
    "intents": [
      {
        "tag": "is room available",
        "patterns": [
          "ruang mana yang kosong", "apakah room kosong", 
          "ruangan mana yang kosong di jam",
          "apakah ruangan tersedia", "room available kah",
          "room kosong tidak", "hari ini ruangan kosong ngga",
          "ruang mana yang sedang tidak digunakan",
          "availability ruang meeting di jam"
        ]
      },
      {
        "tag": "when will the room be available",
        "patterns": [
          "kapan room selesai dipakai", "kapan ruangan kosong", 
          "ruang tersedia jam berapa", "kapan room akan tersedia",
          "room bisa dipakai kapan", "kapan ruang bisa digunakan"
        ]
      },
      {
        "tag": "who books the room",
        "patterns": [
          "room dibook oleh siapa", "siapa yang book ruangan",
          "siapa yang lagi menggunakan ruangan",
          "siapa yang pakai room", "ruang sedang dipakai siapa"
        ]
      },
      {
        "tag": "room facilities",
        "patterns": [
          "fasilitias ruangan apa saja", "kapasitas ruang berapa orang",
          "di room ada TV tidak"
        ]
      }
    ]
}