{
    "intents": [
      {
        "tag": "general absensi",
        "patterns": [ "absen", "liat absen", "cek absen" ]
      },
      {
        "tag": "clock in",
        "patterns": [
          "jam berapa saya clock in tadi", "kemarin aku clockin jam berapa",
          "apakah aku sudah clock in hari ini", "kapan aku lupa clock in"
        ]
      },
      {
        "tag": "clock out",
        "patterns": [
          "jam berapa saya clock out tadi", "kemarin aku clockout jam berapa",
          "apakah aku sudah clock out hari ini", "kapan aku lupa clock out"
        ]
      },
      {
        "tag": "telat",
        "patterns": [
          "hari ini saya telat tidak", "apakah saya pernah telat",
          "kapan terakhir saya telat"
        ]
      }
    ]
}